<?xml version="1.0"?>
<doc>
    <assembly>
        <name>libplctag.NativeImport</name>
    </assembly>
    <members>
        <member name="T:libplctag.NativeImport.DEBUG_LEVELS">
            <summary>
            The library provides debugging output when enabled.
            There are three ways to set the debug level (for historical reasons):
            <list type="number">
                <item>Adding a debug attribute to the attribute string when creating a tag: "protocol=XXX&amp;...&amp;debug=4".</item>
                <item>Using the <see cref="M:libplctag.NativeImport.plctag.plc_tag_set_int_attribute(System.Int32,System.String,System.Int32)"/>function to set the debug attribute.</item>
                <item>Using the <see cref="M:libplctag.NativeImport.plctag.plc_tag_set_debug_level(System.Int32)"/> function.</item>
            </list>
            The preferred method in code is the last one.
            </summary>
        </member>
        <member name="F:libplctag.NativeImport.DEBUG_LEVELS.PLCTAG_DEBUG_NONE">
            <summary>
            Disables debugging output.
            </summary>
        </member>
        <member name="F:libplctag.NativeImport.DEBUG_LEVELS.PLCTAG_DEBUG_ERROR">
            <summary>
            Only output errors. Generally these are fatal to the functioning of the library.
            </summary>
        </member>
        <member name="F:libplctag.NativeImport.DEBUG_LEVELS.PLCTAG_DEBUG_WARN">
            <summary>
            Outputs warnings such as error found when checking a malformed tag attribute string or when unexpected problems are reported from the PLC.
            </summary>
        </member>
        <member name="F:libplctag.NativeImport.DEBUG_LEVELS.PLCTAG_DEBUG_INFO">
            <summary>
            Outputs diagnostic information about the internal calls within the library.
            Includes some packet dumps.
            </summary>
        </member>
        <member name="F:libplctag.NativeImport.DEBUG_LEVELS.PLCTAG_DEBUG_DETAIL">
            <summary>
            Outputs detailed diagnostic information about the code executing within the library including packet dumps.
            </summary>
        </member>
        <member name="F:libplctag.NativeImport.DEBUG_LEVELS.PLCTAG_DEBUG_SPEW">
            <summary>
            Outputs extremely detailed information.
            Do not use this unless you are trying to debug detailed information about every mutex lock and release.
            Will output many lines of output per millisecond.
            You have been warned!
            </summary>
        </member>
        <member name="T:libplctag.NativeImport.EVENT_CODES">
            <summary>
            The library provides functions to register a callback on a tag.
            These events generate a call to that callback.
            </summary>
        </member>
        <member name="F:libplctag.NativeImport.EVENT_CODES.PLCTAG_EVENT_READ_STARTED">
            <summary>
            A read of the tag has been requested.
            The callback is called immediately before the underlying protocol implementation is called.
            </summary>
        </member>
        <member name="F:libplctag.NativeImport.EVENT_CODES.PLCTAG_EVENT_READ_COMPLETED">
            <summary>
            The callback is called after a read completes.
            The final status of the read is passed to the callback as well.
            </summary>
        </member>
        <member name="F:libplctag.NativeImport.EVENT_CODES.PLCTAG_EVENT_WRITE_STARTED">
            <summary>
            As with reads, the callback is called when a write is requested.
            The callback can change the data in the tag and the changes will be sent to the PLC.
            </summary>
        </member>
        <member name="F:libplctag.NativeImport.EVENT_CODES.PLCTAG_EVENT_WRITE_COMPLETED">
            <summary>
            The callback is called when the PLC indicates that the write has completed.
            The status of the write is passed to the callback.
            </summary>
        </member>
        <member name="F:libplctag.NativeImport.EVENT_CODES.PLCTAG_EVENT_ABORTED">
            <summary>
            The callback function is called when something calls <see cref="M:libplctag.NativeImport.plctag.plc_tag_abort(System.Int32)"/> on the tag.
            </summary>
        </member>
        <member name="F:libplctag.NativeImport.EVENT_CODES.PLCTAG_EVENT_DESTROYED">
            <summary>
            The callback function is called when the tag is being destroyed.
            It is not safe to call any API functions on the tag at this time.
            This is purely for the callback to manage any application state.
            </summary>
        </member>
        <member name="F:libplctag.NativeImport.EVENT_CODES.PLCTAG_EVENT_CREATED">
            <summary>
            The callback is called after a tag creation completes.
            The final status of the creation is passed to the callback as well.
            This is not as well supported in some cases, so only depend on this for normal tags and not tags like @tags.
            </summary>
        </member>
        <member name="T:libplctag.NativeImport.plctag">
            <summary>
            This class provides low-level (raw) access to the native libplctag library (which is written in C).
            The purpose of this package is to expose the API for this native library, and handle platform and configuration issues.
            
            <para>See <see href="https://github.com/libplctag/libplctag/wiki/API"/> for documentation.</para>
            </summary>
        </member>
        <member name="P:libplctag.NativeImport.plctag.ForceExtractLibrary">
            <summary>
            During initialization, this package extracts to disk the appropriate native library.
            By default, it will overwrite files with the same filename (plctag.dll, libplctag.so, or libplctag.dylib).
            If you wish to disable this behaviour and use a different native library (e.g. one that you've compiled yourself, or a pre-release), you can disable the Force Extract feature by setting this value to false.
            </summary>
        </member>
        <member name="T:libplctag.NativeImport.STATUS_CODES">
            <summary>
            Most functions return a status code.
            It will be one of these.
            </summary>
        </member>
        <member name="F:libplctag.NativeImport.STATUS_CODES.PLCTAG_STATUS_PENDING">
            <summary>
            Operation in progress. Not an error.
            </summary>
        </member>
        <member name="F:libplctag.NativeImport.STATUS_CODES.PLCTAG_STATUS_OK">
            <summary>
            No error.
            </summary>
        </member>
        <member name="F:libplctag.NativeImport.STATUS_CODES.PLCTAG_ERR_ABORT">
            <summary>
            The operation was aborted.
            </summary>
        </member>
        <member name="F:libplctag.NativeImport.STATUS_CODES.PLCTAG_ERR_BAD_CONFIG">
            <summary>
            The operation failed due to incorrect configuration. Usually returned from a remote system.
            </summary>
        </member>
        <member name="F:libplctag.NativeImport.STATUS_CODES.PLCTAG_ERR_BAD_CONNECTION">
            <summary>
            The connection failed for some reason. This can mean that the remote PLC was power cycled, for instance.
            </summary>
        </member>
        <member name="F:libplctag.NativeImport.STATUS_CODES.PLCTAG_ERR_BAD_DATA">
            <summary>
            The data received from the remote PLC was undecipherable or otherwise not able to be processed.
            Can also be returned from a remote system that cannot process the data sent to it.
            </summary>
        </member>
        <member name="F:libplctag.NativeImport.STATUS_CODES.PLCTAG_ERR_BAD_DEVICE">
            <summary>
            Usually returned from a remote system when something addressed does not exist.
            </summary>
        </member>
        <member name="F:libplctag.NativeImport.STATUS_CODES.PLCTAG_ERR_BAD_GATEWAY">
            <summary>
            Usually returned when the library is unable to connect to a remote system.
            </summary>
        </member>
        <member name="F:libplctag.NativeImport.STATUS_CODES.PLCTAG_ERR_BAD_PARAM">
            <summary>
            A common error return when something is not correct with the tag creation attribute string.
            </summary>
        </member>
        <member name="F:libplctag.NativeImport.STATUS_CODES.PLCTAG_ERR_BAD_REPLY">
            <summary>
            Usually returned when the remote system returned an unexpected response.
            </summary>
        </member>
        <member name="F:libplctag.NativeImport.STATUS_CODES.PLCTAG_ERR_BAD_STATUS">
            <summary>
            Usually returned by a remote system when something is not in a good state.
            </summary>
        </member>
        <member name="F:libplctag.NativeImport.STATUS_CODES.PLCTAG_ERR_CLOSE">
            <summary>
            An error occurred trying to close some resource.
            </summary>
        </member>
        <member name="F:libplctag.NativeImport.STATUS_CODES.PLCTAG_ERR_CREATE">
            <summary>
            An error occurred trying to create some internal resource.
            </summary>
        </member>
        <member name="F:libplctag.NativeImport.STATUS_CODES.PLCTAG_ERR_DUPLICATE">
            <summary>
            An error returned by a remote system when something is incorrectly duplicated (i.e. a duplicate connection ID).
            </summary>
        </member>
        <member name="F:libplctag.NativeImport.STATUS_CODES.PLCTAG_ERR_ENCODE">
            <summary>
            An error was returned when trying to encode some data such as a tag name.
            </summary>
        </member>
        <member name="F:libplctag.NativeImport.STATUS_CODES.PLCTAG_ERR_MUTEX_DESTROY">
            <summary>
            An internal library error. It would be very unusual to see this.
            </summary>
        </member>
        <member name="F:libplctag.NativeImport.STATUS_CODES.PLCTAG_ERR_MUTEX_INIT">
            <summary>
            An internal library error. It would be very unusual to see this.
            </summary>
        </member>
        <member name="F:libplctag.NativeImport.STATUS_CODES.PLCTAG_ERR_MUTEX_LOCK">
            <summary>
            An internal library error. It would be very unusual to see this.
            </summary>
        </member>
        <member name="F:libplctag.NativeImport.STATUS_CODES.PLCTAG_ERR_MUTEX_UNLOCK">
            <summary>
            An internal library error. It would be very unusual to see this.
            </summary>
        </member>
        <member name="F:libplctag.NativeImport.STATUS_CODES.PLCTAG_ERR_NOT_ALLOWED">
            <summary>
            Often returned from the remote system when an operation is not permitted.
            </summary>
        </member>
        <member name="F:libplctag.NativeImport.STATUS_CODES.PLCTAG_ERR_NOT_FOUND">
            <summary>
            Often returned from the remote system when something is not found.
            </summary>
        </member>
        <member name="F:libplctag.NativeImport.STATUS_CODES.PLCTAG_ERR_NOT_IMPLEMENTED">
            <summary>
            returned when a valid operation is not implemented.
            </summary>
        </member>
        <member name="F:libplctag.NativeImport.STATUS_CODES.PLCTAG_ERR_NO_DATA">
            <summary>
            Returned when expected data is not present.
            </summary>
        </member>
        <member name="F:libplctag.NativeImport.STATUS_CODES.PLCTAG_ERR_NO_MATCH">
            <summary>
            Similar to <see cref="F:libplctag.NativeImport.STATUS_CODES.PLCTAG_ERR_NOT_FOUND"/>
            </summary>
        </member>
        <member name="F:libplctag.NativeImport.STATUS_CODES.PLCTAG_ERR_NO_MEM">
            <summary>
            Returned by the library when memory allocation fails.
            </summary>
        </member>
        <member name="F:libplctag.NativeImport.STATUS_CODES.PLCTAG_ERR_NO_RESOURCES">
            <summary>
            Returned by the remote system when some resource allocation fails.
            </summary>
        </member>
        <member name="F:libplctag.NativeImport.STATUS_CODES.PLCTAG_ERR_NULL_PTR">
            <summary>
            Usually an internal error, but can be returned when an invalid handle is used with an API call.
            </summary>
        </member>
        <member name="F:libplctag.NativeImport.STATUS_CODES.PLCTAG_ERR_OPEN">
            <summary>
            Returned when an error occurs opening a resource such as a socket.
            </summary>
        </member>
        <member name="F:libplctag.NativeImport.STATUS_CODES.PLCTAG_ERR_OUT_OF_BOUNDS">
            <summary>
            Usually returned when trying to write a value into a tag outside of the tag data bounds.
            </summary>
        </member>
        <member name="F:libplctag.NativeImport.STATUS_CODES.PLCTAG_ERR_READ">
            <summary>
            Returned when an error occurs during a read operation. Usually related to socket problems.
            </summary>
        </member>
        <member name="F:libplctag.NativeImport.STATUS_CODES.PLCTAG_ERR_REMOTE_ERR">
            <summary>
            An unspecified or untranslatable remote error causes this.
            </summary>
        </member>
        <member name="F:libplctag.NativeImport.STATUS_CODES.PLCTAG_ERR_THREAD_CREATE">
            <summary>
            An internal library error. If you see this, it is likely that everything is about to crash.
            </summary>
        </member>
        <member name="F:libplctag.NativeImport.STATUS_CODES.PLCTAG_ERR_THREAD_JOIN">
            <summary>
            Another internal library error. It is very unlikely that you will see this.
            </summary>
        </member>
        <member name="F:libplctag.NativeImport.STATUS_CODES.PLCTAG_ERR_TIMEOUT">
            <summary>
            An operation took too long and timed out.
            </summary>
        </member>
        <member name="F:libplctag.NativeImport.STATUS_CODES.PLCTAG_ERR_TOO_LARGE">
            <summary>
            More data was returned than was expected.
            </summary>
        </member>
        <member name="F:libplctag.NativeImport.STATUS_CODES.PLCTAG_ERR_TOO_SMALL">
            <summary>
            Insufficient data was returned from the remote system.
            </summary>
        </member>
        <member name="F:libplctag.NativeImport.STATUS_CODES.PLCTAG_ERR_UNSUPPORTED">
            <summary>
            The operation is not supported on the remote system.
            </summary>
        </member>
        <member name="F:libplctag.NativeImport.STATUS_CODES.PLCTAG_ERR_WINSOCK">
            <summary>
            A Winsock-specific error occurred (only on Windows).
            </summary>
        </member>
        <member name="F:libplctag.NativeImport.STATUS_CODES.PLCTAG_ERR_WRITE">
            <summary>
            An error occurred trying to write, usually to a socket.
            </summary>
        </member>
        <member name="F:libplctag.NativeImport.STATUS_CODES.PLCTAG_ERR_PARTIAL">
            <summary>
            Partial data was received or something was unexpectedly incomplete.
            </summary>
        </member>
        <member name="F:libplctag.NativeImport.STATUS_CODES.PLCTAG_ERR_BUSY">
            <summary>
            The operation cannot be performed as some other operation is taking place.
            </summary>
        </member>
    </members>
</doc>
